begin transaction;
insert into quiz values (1, "Find Your Match",1);
insert into question values (1,"What is your zodiac sign?");
insert into question values (2,"Do you prefer to be a Big or Little spoon?");
insert into question values (3,"What is your primary love language?");
insert into question values (4,"Are you religious?");
insert into question values (5,"What kind of music do you listen to?");
insert into question values (6,"Where is your ideal place to live?");
insert into question values (7,"Are you an introvert or an extrovert?");
insert into question values (8,"Which of the following is your biggest pet peeve?");
insert into question values (9,"Do you smoke?");
insert into question values (10,"Do you drink?");
insert into question values (11,"Are you felixble with change?");
insert into question values (12,"Do you want kids?");
insert into question values (13,"What is your ideal age range?");
insert into quizquestions values (1,1);
insert into quizquestions values (2,1);
insert into quizquestions values (3,1);
insert into quizquestions values (4,1);
insert into quizquestions values (5,1);
insert into quizquestions values (6,1);
insert into quizquestions values (7,1);
insert into quizquestions values (8,1);
insert into quizquestions values (9,1);
insert into quizquestions values (10,1);
insert into quizquestions values (11,1);
insert into quizquestions values (12,1);
insert into quizquestions values (13,1);
insert into users values ("johnsmith@test.com","test","john","smith",20);
insert into users values ("janesmith@test.com","test","jane","smith",21);
insert into users values ("willy@test.com","test","will","smith",30);
insert into users values ("ben@test.com","test","ben","smith",20);
insert into results values (1,1,"johnsmith@test.com","Aries");
insert into results values (1,2,"johnsmith@test.com","Big");
insert into results values (1,3,"johnsmith@test.com","Physical touch");
insert into results values (1,4,"johnsmith@test.com","I am religious");
insert into results values (1,1,"janesmith@test.com","Aquarius");
insert into results values (1,2,"janesmith@test.com","Little");
insert into results values (1,3,"janesmith@test.com","Physical touch");
insert into results values (1,4,"janesmith@test.com","I am religious");
insert into results values (1,1,"willy@test.com","Gemini");
insert into results values (1,2,"willy@test.com","Little");
insert into results values (1,3,"willy@test.com","Words of Affirmation");
insert into results values (1,4,"willy@test.com","I am not religious");
insert into results values (1,1,"ben@test.com","Taurus");
insert into results values (1,2,"ben@test.com","Big");
insert into results values (1,3,"ben@test.com","Acts of Service");
insert into results values (1,4,"ben@test.com","I am not religious");
Insert into compatible values(1,"Aries","Aquarius");
Insert into compatible values(1,"Aquarius","Aries");
Insert into compatible values(1,"Aquarius","Aries");
Insert into compatible values(1,"Taurus","Cancer");
Insert into compatible values(1,"Gemini","Leo");
Insert into compatible values(1,"Cancer","Taurus");
Insert into compatible values(1,"Leo","Gemini");
Insert into compatible values(1,"Virgo","Scorpio");
Insert into compatible values(1,"Libra","Pisces");
Insert into compatible values(1,"Scorpio","Virgo");
Insert into compatible values(1,"Capricorn","Sagittarius");
Insert into compatible values(1,"Pisces","Libra");
Insert into compatible values(1,"Sagittarius","Capricorn");
Insert into compatible values(2,"Big Spoon","Little Spoon");
Insert into compatible values(2,"Little Spoon","Big Spoon");
Insert into compatible values(2,"A little bit of both","A little bit of both");
Insert into compatible values(2,"Big Spoon","A little bit of both");
Insert into compatible values(2,"A little bit of both","Big Spoon");
Insert into compatible values(2,"A little bit of both"," Little Spoon");
Insert into compatible values(2,"Little Spoon","A little bit of both");
Insert into compatible values(3,"Words of Affirmation","Words of Affirmation");
Insert into compatible values(3,"Physical Touch","Physical Touch");
Insert into compatible values(3,"Receiving Gifts","Receiving Gifts");
Insert into compatible values(3,"Quality Time","Quality Time");
Insert into compatible values(3,"Acts of Service","Acts of Service");
Insert into compatible values(4,"Yes, I am religious","Yes, I am religious");
Insert into compatible values(4,"No, I am not religious","No, I am not religious");
Insert into compatible values(5,"Country","Country");
Insert into compatible values(5,"Rock","Rock");
Insert into compatible values(5,"Rap","Rap");
Insert into compatible values(5,"Indie","Indie");
Insert into compatible values(5,"Pop","Pop");
Insert into compatible values(5,"Soul","Soul”");
Insert into compatible values(5,"Jazz","Jazz");
Insert into compatible values(5,"R&B","R&B");
Insert into compatible values(5,"EDM","EDM");
Insert into compatible values(5,"Classical","Classical");
Insert into compatible values(5,"Oldies","Oldies");
Insert into compatible values(6,"The Forest","The Forest");
Insert into compatible values(6,"The City","The City");
Insert into compatible values(6,"The Mountains","The Mountains");
Insert into compatible values(6,"A Small Town","A Small Town");
Insert into compatible values(6,"The Suburbs","The Suburbs");
Insert into compatible values(6,"The beach","The beach");
Insert into compatible values(7,"Introvert","Introvert");
Insert into compatible values(7,"Extrovert","Extrovert");
Insert into compatible values(7,"In the middle","In the middle");
Insert into compatible values(8,"Chewing with Mouth Open","Chewing with Mouth Open");
Insert into compatible values(8,"Interrupting","Interrupting");
Insert into compatible values(8,"Being late","Being late");
Insert into compatible values(8,"Slow walkers","Slow walkers");
Insert into compatible values(8,"Micro-Management","Micro-Management");
Insert into compatible values(8,"Ignoring personal space","Ignoring personal space");
Insert into compatible values(9,"Yes","Yes");
Insert into compatible values(9,"No","No");
Insert into compatible values(9,"Sometimes","Sometimes");
Insert into compatible values(9,"Yes","Sometimes");
Insert into compatible values(9,"Sometimes","Yes");
Insert into compatible values(10,"Yes","Yes");
Insert into compatible values(10,"No","No");
Insert into compatible values(10,"Sometimes","Sometimes");
Insert into compatible values(10,"Sometimes","Yes");
Insert into compatible values(10,"Yes","Sometimes");
Insert into compatible values(11,"Yes","Yes");
Insert into compatible values(11,"No","No");
Insert into compatible values(12,"No","No");
Insert into compatible values(12,"Yes","Yes");
Insert into compatible values(12,"Maybe","Maybe");
Insert into compatible values(13,"18-25","18-25");
Insert into compatible values(13,"25-35","25-35");
Insert into compatible values(13,"35-45","35-45");
Insert into compatible values(13, "45-55","45-55");
Insert into compatible values(13,"55-65","55-65");
Insert into compatible values(13,"65-75","65-75");
Insert into compatible values(13,"75-85","75-85");
Insert into compatible values(13,"85-95","85-95");
Insert into compatible values(13,"95-105","95-105");
Insert into compatible values(13,"105-115","105-115");
commit;